C:\SoftProBundleManagement\Downloads\20210912\FAAZ.bnd,
C:\SoftProBundleManagement\Downloads\20210912\FFGA.bnd,
C:\SoftProBundleManagement\Downloads\20210912\FTMD.bnd,
C:\SoftProBundleManagement\Downloads\20210912\FFMD.bnd,
C:\SoftProBundleManagement\Downloads\20210912\CWMD.bnd,
C:\SoftProBundleManagement\Downloads\20210912\FAAZ.bnd,
C:\SoftProBundleManagement\Downloads\20210912\FFGA.bnd,
C:\SoftProBundleManagement\Downloads\20210912\FTMD.bnd,
C:\SoftProBundleManagement\Downloads\20210912\FFMD.bnd,
C:\SoftProBundleManagement\Downloads\20210912\CWMD.bnd,
