Code,Installed,Error
\Downloads\20210913\STNJ.bnd, true, 
\Downloads\20210913\CWNJ.bnd, true, 
\Downloads\20210913\FAIL.bnd, true, 
C:\SoftProBundleManagement\Downloads\20210913\CLTA.bnd, true, 
C:\SoftProBundleManagement\Downloads\20210913\UW_CLTA.bnd, true, 
C:\SoftProBundleManagement\Downloads\20210913\CLTA.bnd, true, 
C:\SoftProBundleManagement\Downloads\20210913\UW_CLTA.bnd, true, 
C:\SoftProBundleManagement\Downloads\20210913\CTOH.bnd, true, 
C:\SoftProBundleManagement\Downloads\20210913\TLTA.bnd, true, 
C:\SoftProBundleManagement\Downloads\20210913\TLTA_UW.bnd, true, 
C:\SoftProBundleManagement\Downloads\20210913\CTAZ.bnd, true, 
C:\SoftProBundleManagement\Downloads\20210913\STVA.bnd, true, 
C:\SoftProBundleManagement\Downloads\20210913\STDC.bnd, true, 
C:\SoftProBundleManagement\Downloads\20210913\WCPA.bnd, true, 
C:\SoftProBundleManagement\Downloads\20210913\FALA.bnd, true, 
C:\SoftProBundleManagement\Downloads\20210913\FANC.bnd, true, 
C:\SoftProBundleManagement\Downloads\20210913\FAMN.bnd, true, 
C:\SoftProBundleManagement\Downloads\20210913\FNNE.bnd, true, 
C:\SoftProBundleManagement\Downloads\20210913\FNMO.bnd, true, 
C:\SoftProBundleManagement\Downloads\20210913\FNKS.bnd, true, 
C:\SoftProBundleManagement\Downloads\20210913\WCMN.bnd, true, 
C:\SoftProBundleManagement\Downloads\20210913\FANY.bnd, true, 
C:\SoftProBundleManagement\Downloads\20210913\TIRSA.bnd, true, 
C:\SoftProBundleManagement\Downloads\20210913\FAKY.bnd, true, 
C:\SoftProBundleManagement\Downloads\20210913\WCDE.bnd, true, 
C:\SoftProBundleManagement\Downloads\20210913\WCNJ.bnd, true, 
C:\SoftProBundleManagement\Downloads\20210913\WCTX.bnd, true, 
C:\SoftProBundleManagement\Downloads\20210913\ORTN.bnd, true, 
C:\SoftProBundleManagement\Downloads\20210913\FAFL.bnd, true, 
C:\SoftProBundleManagement\Downloads\20210913\FADC.bnd, true, 
C:\SoftProBundleManagement\Downloads\20210913\CWGA.bnd, true, 
C:\SoftProBundleManagement\Downloads\20210913\WFFL.bnd, true, 
C:\SoftProBundleManagement\Downloads\20210913\FACT.bnd, true, 
C:\SoftProBundleManagement\Downloads\20210913\FNKY.bnd, true, 
C:\SoftProBundleManagement\Downloads\20210913\STWI.bnd, true, 
C:\SoftProBundleManagement\Downloads\20210913\STCT.bnd, true, 
C:\SoftProBundleManagement\Downloads\20210913\FAPA.bnd, true, 
C:\SoftProBundleManagement\Downloads\20210913\ORNJ.bnd, true, 
C:\SoftProBundleManagement\Downloads\20210913\ORPA.bnd, true, 
C:\SoftProBundleManagement\Downloads\20210913\STFL.bnd, true, 
C:\SoftProBundleManagement\Downloads\20210913\STMD.bnd, true, 
C:\SoftProBundleManagement\Downloads\20210913\STNJ.bnd, true, 
C:\SoftProBundleManagement\Downloads\20210913\FFAK.bnd, true, 
C:\SoftProBundleManagement\Downloads\20210913\FFID.bnd, true, 
C:\SoftProBundleManagement\Downloads\20210913\FFND.bnd, true, 
C:\SoftProBundleManagement\Downloads\20210913\FFWY.bnd, true, 
C:\SoftProBundleManagement\Downloads\20210913\FNCO.bnd, true, 
C:\SoftProBundleManagement\Downloads\20210913\FNIN.bnd, true, 
C:\SoftProBundleManagement\Downloads\20210913\CWCO.bnd, true, 
C:\SoftProBundleManagement\Downloads\20210913\CWKY.bnd, true, 
C:\SoftProBundleManagement\Downloads\20210913\CWMN.bnd, true, 
C:\SoftProBundleManagement\Downloads\20210913\CWVA.bnd, true, 
C:\SoftProBundleManagement\Downloads\20210913\CWWI.bnd, true, 
C:\SoftProBundleManagement\Downloads\20210913\WCRI.bnd, true, 
C:\SoftProBundleManagement\Downloads\20210913\ORDE.bnd, true, 
C:\SoftProBundleManagement\Downloads\20210913\FAOH.bnd, true, 
C:\SoftProBundleManagement\Downloads\20210913\ORFL.bnd, true, 
C:\SoftProBundleManagement\Downloads\20210913\CWKS.bnd, true, 
C:\SoftProBundleManagement\Downloads\20210913\CTKS.bnd, true, 
C:\SoftProBundleManagement\Downloads\20210913\FNWI.bnd, true, 
C:\SoftProBundleManagement\Downloads\20210913\WCTN.bnd, true, 
C:\SoftProBundleManagement\Downloads\20210913\WCIN.bnd, true, 
C:\SoftProBundleManagement\Downloads\20210913\CWTN.bnd, true, 
C:\SoftProBundleManagement\Downloads\20210913\FAWI.bnd, true, 
C:\SoftProBundleManagement\Downloads\20210913\FAIA.bnd, true, 
C:\SoftProBundleManagement\Downloads\20210913\STMI.bnd, true, 
C:\SoftProBundleManagement\Downloads\20210913\FNTN.bnd, true, 
C:\SoftProBundleManagement\Downloads\20210913\FAMA.bnd, true, 
C:\SoftProBundleManagement\Downloads\20210913\FFMS.bnd, true, 
C:\SoftProBundleManagement\Downloads\20210913\FTCA.bnd, true, 
C:\SoftProBundleManagement\Downloads\20210913\FTNV.bnd, true, 
C:\SoftProBundleManagement\Downloads\20210913\FTTX.bnd, true, 
C:\SoftProBundleManagement\Downloads\20210913\FTVA.bnd, true, 
C:\SoftProBundleManagement\Downloads\20210913\CWOH.bnd, true, 
C:\SoftProBundleManagement\Downloads\20210913\ORAZ.bnd, true, 
C:\SoftProBundleManagement\Downloads\20210913\FAAZ.bnd, true, 
C:\SoftProBundleManagement\Downloads\20210913\CWNJ.bnd, true, 
C:\SoftProBundleManagement\Downloads\20210913\FACO.bnd, true, 
C:\SoftProBundleManagement\Downloads\20210913\WCMI.bnd, true, 
C:\SoftProBundleManagement\Downloads\20210913\ORGA.bnd, true, 
C:\SoftProBundleManagement\Downloads\20210913\WCWI.bnd, true, 
C:\SoftProBundleManagement\Downloads\20210913\AUNY.bnd, true, 
C:\SoftProBundleManagement\Downloads\20210913\FAIL.bnd, true, 
C:\SoftProBundleManagement\Downloads\20210913\FATX.bnd, true, 
C:\SoftProBundleManagement\Downloads\20210913\ORVA.bnd, true, 
C:\SoftProBundleManagement\Downloads\20210913\STPA.bnd, true, 
C:\SoftProBundleManagement\Downloads\20210913\CWIL.bnd, true, 
C:\SoftProBundleManagement\Downloads\20210913\FNMN.bnd, true, 
C:\SoftProBundleManagement\Downloads\20210913\CWLA.bnd, true, 
C:\SoftProBundleManagement\Downloads\20210913\CTUT.bnd, true, 
C:\SoftProBundleManagement\Downloads\20210913\CTNJ.bnd, true, 
C:\SoftProBundleManagement\Downloads\20210913\CTLA.bnd, true, 
C:\SoftProBundleManagement\Downloads\20210913\ORIN.bnd, true, 
C:\SoftProBundleManagement\Downloads\20210913\FFNational.bnd, true, 
C:\SoftProBundleManagement\Downloads\20210913\WCVT.bnd, true, 
C:\SoftProBundleManagement\Downloads\20210913\WCMD.bnd, true, 
C:\SoftProBundleManagement\Downloads\20210913\FASC.bnd, true, 
C:\SoftProBundleManagement\Downloads\20210913\ORDC.bnd, true, 
C:\SoftProBundleManagement\Downloads\20210913\CTTN.bnd, true, 
C:\SoftProBundleManagement\Downloads\20210913\CTGA.bnd, true, 
C:\SoftProBundleManagement\Downloads\20210913\ORNY.bnd, true, 
C:\SoftProBundleManagement\Downloads\20210913\CTIN.bnd, true, 
C:\SoftProBundleManagement\Downloads\20210913\ORIL.bnd, true, 
C:\SoftProBundleManagement\Downloads\20210913\FTNJ.bnd, true, 
C:\SoftProBundleManagement\Downloads\20210913\ORMI.bnd, true, 
C:\SoftProBundleManagement\Downloads\20210913\ORWI.bnd, true, 
C:\SoftProBundleManagement\Downloads\20210913\FFPA.bnd, true, 
C:\SoftProBundleManagement\Downloads\20210913\FATN.bnd, true, 
C:\SoftProBundleManagement\Downloads\20210913\STLA.bnd, true, 
C:\SoftProBundleManagement\Downloads\20210913\WCOH.bnd, true, 
C:\SoftProBundleManagement\Downloads\20210913\FAIN.bnd, true, 
C:\SoftProBundleManagement\Downloads\20210913\CWMO.bnd, true, 
C:\SoftProBundleManagement\Downloads\20210913\ORNH.bnd, true, 
C:\SoftProBundleManagement\Downloads\20210913\WCDC.bnd, true, 
C:\SoftProBundleManagement\Downloads\20210913\WCFL.bnd, true, 
C:\SoftProBundleManagement\Downloads\20210913\LATISSO.bnd, true, 
C:\SoftProBundleManagement\Downloads\20210913\STIN.bnd, true, 
C:\SoftProBundleManagement\Downloads\20210913\STNY.bnd, true, 
C:\SoftProBundleManagement\Downloads\20210913\FFME.bnd, true, 
C:\SoftProBundleManagement\Downloads\20210913\FNAL.bnd, true, 
C:\SoftProBundleManagement\Downloads\20210913\FNOK.bnd, true, 
C:\SoftProBundleManagement\Downloads\20210913\CWMD.bnd, true, 
C:\SoftProBundleManagement\Downloads\20210913\CWVT.bnd, true, 
C:\SoftProBundleManagement\Downloads\20210913\FAND.bnd, true, 
C:\SoftProBundleManagement\Downloads\20210913\FFWI.bnd, true, 
C:\SoftProBundleManagement\Downloads\20210913\CTMA.bnd, true, 
C:\SoftProBundleManagement\Downloads\20210913\FAME.bnd, true, 
C:\SoftProBundleManagement\Downloads\20210913\ORKY.bnd, true, 
C:\SoftProBundleManagement\Downloads\20210913\FTMD.bnd, true, 
C:\SoftProBundleManagement\Downloads\20210913\WCNY.bnd, true, 
C:\SoftProBundleManagement\Downloads\20210913\WCVA.bnd, true, 
C:\SoftProBundleManagement\Downloads\20210913\FFNC.bnd, true, 
C:\SoftProBundleManagement\Downloads\20210913\ORMO.bnd, true, 
C:\SoftProBundleManagement\Downloads\20210913\CWFL.bnd, true, 
C:\SoftProBundleManagement\Downloads\20210913\FAMO.bnd, true, 
C:\SoftProBundleManagement\Downloads\20210913\ORMA.bnd, true, 
C:\SoftProBundleManagement\Downloads\20210913\WCNC.bnd, true, 
C:\SoftProBundleManagement\Downloads\20210913\AUNA.bnd, true, 
C:\SoftProBundleManagement\Downloads\20210913\FANJ.bnd, true, 
C:\SoftProBundleManagement\Downloads\20210913\STGA.bnd, true, 
C:\SoftProBundleManagement\Downloads\20210913\CWSC.bnd, true, 
C:\SoftProBundleManagement\Downloads\20210913\CTWV.bnd, true, 
C:\SoftProBundleManagement\Downloads\20210913\CTMO.bnd, true, 
C:\SoftProBundleManagement\Downloads\20210913\FNGA.bnd, true, 
C:\SoftProBundleManagement\Downloads\20210913\WCIL.bnd, true, 
C:\SoftProBundleManagement\Downloads\20210913\FAWV.bnd, true, 
C:\SoftProBundleManagement\Downloads\20210913\CTNE.bnd, true, 
C:\SoftProBundleManagement\Downloads\20210913\CTTX.bnd, true, 
C:\SoftProBundleManagement\Downloads\20210913\ORLA.bnd, true, 
C:\SoftProBundleManagement\Downloads\20210913\NJRB.bnd, true, 
C:\SoftProBundleManagement\Downloads\20210913\NJRBUW.bnd, true, 
C:\SoftProBundleManagement\Downloads\20210913\FANE.bnd, true, 
C:\SoftProBundleManagement\Downloads\20210913\WCNH.bnd, true, 
C:\SoftProBundleManagement\Downloads\20210913\FADE.bnd, true, 
C:\SoftProBundleManagement\Downloads\20210913\STAR.bnd, true, 
C:\SoftProBundleManagement\Downloads\20210913\TIRBOP.bnd, true, 
C:\SoftProBundleManagement\Downloads\20210913\STMN.bnd, true, 
C:\SoftProBundleManagement\Downloads\20210913\FFSD.bnd, true, 
C:\SoftProBundleManagement\Downloads\20210913\CWIN.bnd, true, 
C:\SoftProBundleManagement\Downloads\20210913\STCO.bnd, true, 
C:\SoftProBundleManagement\Downloads\20210913\FTMA.bnd, true, 
C:\SoftProBundleManagement\Downloads\20210913\SPLiteMassachusetts.bnd, true, 
C:\SoftProBundleManagement\Downloads\20210913\SPLiteNational.bnd, true, 
C:\SoftProBundleManagement\Downloads\20210913\WCGA.bnd, true, 
C:\SoftProBundleManagement\Downloads\20210913\ALTA.bnd, true, 
C:\SoftProBundleManagement\Downloads\20210913\UW_ALTA.bnd, true, 
C:\SoftProBundleManagement\Downloads\20210913\OROH.bnd, true, 
C:\SoftProBundleManagement\Downloads\20210913\WCMA.bnd, true, 
C:\SoftProBundleManagement\Downloads\20210913\CWUT.bnd, true, 
C:\SoftProBundleManagement\Downloads\20210913\ORME.bnd, true, 
C:\SoftProBundleManagement\Downloads\20210913\FAVA.bnd, true, 
C:\SoftProBundleManagement\Downloads\20210913\FAKS.bnd, true, 
C:\SoftProBundleManagement\Downloads\20210913\STAL.bnd, true, 
C:\SoftProBundleManagement\Downloads\20210913\FAMS.bnd, true, 
C:\SoftProBundleManagement\Downloads\20210913\FANational.bnd, true, 
C:\SoftProBundleManagement\Downloads\20210913\FNLA.bnd, true, 
C:\SoftProBundleManagement\Downloads\20210913\ORMD.bnd, true, 
C:\SoftProBundleManagement\Downloads\20210913\CTWI.bnd, true, 
C:\SoftProBundleManagement\Downloads\20210913\FFDC.bnd, true, 
C:\SoftProBundleManagement\Downloads\20210913\CWNE.bnd, true, 
C:\SoftProBundleManagement\Downloads\20210913\CTAL.bnd, true, 
C:\SoftProBundleManagement\Downloads\20210913\FAMD.bnd, true, 
C:\SoftProBundleManagement\Downloads\20210913\STMA.bnd, true, 
C:\SoftProBundleManagement\Downloads\20210913\AUTX.bnd, true, 
C:\SoftProBundleManagement\Downloads\20210913\CTSC.bnd, true, 
C:\SoftProBundleManagement\Downloads\20210913\FAGA.bnd, true, 
C:\SoftProBundleManagement\Downloads\20210913\ORNE.bnd, true, 
C:\SoftProBundleManagement\Downloads\20210913\FARI.bnd, true, 
C:\SoftProBundleManagement\Downloads\20210913\FNIL.bnd, true, 
C:\SoftProBundleManagement\Downloads\20210913\CWMA.bnd, true, 
C:\SoftProBundleManagement\Downloads\20210913\WCKY.bnd, true, 
C:\SoftProBundleManagement\Downloads\20210913\WCME.bnd, true, 
C:\SoftProBundleManagement\Downloads\20210913\FAMI.bnd, true, 
C:\SoftProBundleManagement\Downloads\20210913\STTN.bnd, true, 
C:\SoftProBundleManagement\Downloads\20210913\FNVT.bnd, true, 
C:\SoftProBundleManagement\Downloads\20210913\SPLiteVermont.bnd, true, 
C:\SoftProBundleManagement\Downloads\20210913\ORTX.bnd, true, 
C:\SoftProBundleManagement\Downloads\20210913\FTFL.bnd, true, 
C:\SoftProBundleManagement\Downloads\20210913\FFOH.bnd, true, 
C:\SoftProBundleManagement\Downloads\20210913\FFNE.bnd, true, 
C:\SoftProBundleManagement\Downloads\20210913\FFKS.bnd, true, 
C:\SoftProBundleManagement\Downloads\20210913\FFCO.bnd, true, 
C:\SoftProBundleManagement\Downloads\20210913\FFVA.bnd, true, 
C:\SoftProBundleManagement\Downloads\20210913\FFNV.bnd, true, 
C:\SoftProBundleManagement\Downloads\20210913\FFNJ.bnd, true, 
C:\SoftProBundleManagement\Downloads\20210913\FFMN.bnd, true, 
C:\SoftProBundleManagement\Downloads\20210913\FFUT.bnd, true, 
C:\SoftProBundleManagement\Downloads\20210913\FFLA.bnd, true, 
C:\SoftProBundleManagement\Downloads\20210913\FFIN.bnd, true, 
C:\SoftProBundleManagement\Downloads\20210913\FFMO.bnd, true, 
C:\SoftProBundleManagement\Downloads\20210913\FFMD.bnd, true, 
C:\SoftProBundleManagement\Downloads\20210913\FFSC.bnd, true, 
C:\SoftProBundleManagement\Downloads\20210913\FFMA.bnd, true, 
C:\SoftProBundleManagement\Downloads\20210913\STNA.bnd, true, 
C:\SoftProBundleManagement\Downloads\20210913\WFNA.bnd, true, 
C:\SoftProBundleManagement\Downloads\20210913\FFAZ.bnd, true, 
C:\SoftProBundleManagement\Downloads\20210913\FFTX.bnd, true, 
C:\SoftProBundleManagement\Downloads\20210913\FFIL.bnd, true, 
C:\SoftProBundleManagement\Downloads\20210913\FFGA.bnd, true, 
C:\SoftProBundleManagement\Downloads\20210913\FFAL.bnd, true, 
C:\SoftProBundleManagement\Downloads\20210913\FFWV.bnd, true, 
C:\SoftProBundleManagement\Downloads\20210913\FFFL.bnd, true, 
C:\SoftProBundleManagement\Downloads\20210913\FFCA.bnd, true, 