PackageName,LastUpdated,Notes
AUVA,09/10/2021 04:00 PM,,
ORVA,08/24/2021 09:01 PM,,
FALA,08/24/2021 08:14 PM,,
FAMN,08/24/2021 08:14 PM,,
 Corporate ReadyBlocs,02/20/2019 01:56 PM,,
Louisiana State Documents,06/26/2020 05:24 PM,,
SoftPro Reports and Documents,02/21/2019 03:19 PM,,
STNA,09/01/2021 01:55 PM,,
ND,06/26/2020 05:32 PM,,
Virginia State Documents,06/26/2020 06:32 PM,,
FANational,08/24/2021 08:15 PM,,
Arizona State Documents,12/16/2020 08:18 PM,,
TIRSA,06/16/2021 04:24 PM,,
Texas State Documents,10/15/2020 08:52 PM,,
UW_ALTA,01/01/1984,,
FFNational,08/24/2021 08:16 PM,,
Indiana State Documents,07/01/2020 01:06 PM,,
ALTA,09/10/2021 04:02 PM,,
Florida State Documents,06/26/2020 05:18 PM,,
DTIRB,07/02/2020 01:37 AM,,
California State Documents,06/27/2019 05:39 PM,,
FNIN,09/10/2021 04:02 PM,,
CWIN,09/10/2021 04:02 PM,,
ORNY,08/24/2021 08:19 PM,,
FANC,08/24/2021 08:16 PM,,
Maryland State Documents,06/26/2020 05:26 PM,,
901-419 Main,06/15/2021 08:01 PM,,
CTTX,08/24/2021 08:13 PM,,
FANE,08/24/2021 08:16 PM,,
CTIN,08/24/2021 08:13 PM,,
FFIN,08/24/2021 08:16 PM,,
NJRB_UW,01/01/1984,,
FTPA,06/06/2019 04:57 PM,,
FTTX Jackets,08/24/2021 08:58 PM,,
UWNewMexico,07/02/2020 01:43 AM,,
417-100 Main,01/01/1984,,
FFKS,08/24/2021 08:16 PM,,
WFNJ,06/06/2019 05:05 PM,,
NMLTA,07/21/2020 09:55 PM,,
Ohio,06/06/2019 04:57 PM,,
Delaware State Documents,06/26/2020 05:15 PM,,
Maine State Documents,06/26/2020 05:27 PM,,
Michigan State Documents,06/26/2020 05:28 PM,,
Minnesota State Documents,06/26/2020 05:30 PM,,
Washington State Documents,04/11/2019 12:29 PM,,
Missouri State Documents,06/26/2020 05:30 PM,,
Colorado State Documents,05/13/2019 12:46 PM,,
FTOH,07/21/2020 09:49 PM,,
Georgia State Documents,06/26/2020 05:19 PM,,
Iowa State Documents,06/26/2020 05:20 PM,,
FATX,08/24/2021 08:52 PM,,
North Carolina State Documents,06/26/2020 05:31 PM,,
New Hampshire Documents,08/23/2018 02:48 PM,,
New Jersey State Documents,06/26/2020 06:25 PM,,
Rhode Island State Documents,06/26/2020 06:30 PM,,
Tennessee State Documents,06/26/2020 06:31 PM,,
ORTN,08/27/2021 08:04 PM,,
ORFL,08/24/2021 08:59 PM,,
FFPA,08/24/2021 08:17 PM,,
FFAL,08/24/2021 08:53 PM,,
FFID,08/24/2021 08:54 PM,,
FFMA,08/24/2021 08:54 PM,,
FFMS,08/24/2021 08:54 PM,,
FNOK,08/24/2021 08:56 PM,,
FNVT,08/24/2021 08:57 PM,,
Fidelity Family New York,07/21/2020 09:26 PM,,
FNWI,08/24/2021 08:57 PM,,
FNSC,07/21/2020 09:50 PM,,
FNWV,07/02/2020 02:17 AM,,
FTMI,07/21/2020 09:46 PM,,
FTNH,07/21/2020 09:48 PM,,
FAVA,08/24/2021 08:52 PM,,
FAWV,08/24/2021 08:53 PM,,
FFAK,08/24/2021 08:53 PM,,
FFIL,08/24/2021 08:54 PM,,
FFME,08/24/2021 08:54 PM,,
FFMN,08/24/2021 08:54 PM,,
FFNC,08/24/2021 08:54 PM,,
FFND,08/24/2021 08:54 PM,,
Kentucky State Documents,06/26/2020 05:23 PM,,
STOH,01/31/2018 09:30 PM,,
SoftPro Commercial,09/21/2020 12:58 PM,,
Nebraska State Document Package,03/12/2020 04:34 PM,,
NY NY Main,06/26/2020 06:28 PM,,
TLTA_UW,01/01/1984,,
CWNH,07/21/2020 04:14 PM,,
Illinois State Documents,06/26/2020 05:20 PM,,
Pennsylvania State Documents,06/26/2020 06:30 PM,,
South Carolina State Documents,06/26/2020 06:30 PM,,
Kansas State Documents,06/26/2020 05:23 PM,,
STAZ,03/12/2020 04:29 PM,,
CWWI,08/24/2021 08:46 PM,,
CWMI,07/21/2020 04:13 PM,,
FAMD,08/24/2021 08:48 PM,,
FFLA,08/24/2021 08:16 PM,,
WCCO,07/21/2020 10:08 PM,,
Mississippi State Documents,06/26/2020 05:31 PM,,
WCTX Jackets,08/24/2021 09:05 PM,,
Ohio State Documents,06/26/2020 06:29 PM,,
FFMO,08/24/2021 08:16 PM,,
OTIRO,12/16/2020 08:30 PM,,
 Supplemental Reports,12/16/2020 08:32 PM,,
Vermont State Package,01/01/1984,,
FANH,07/21/2020 03:27 PM,,
FATX Jackets,08/24/2021 08:52 PM,,
Masschusetts State Documents,06/26/2020 05:25 PM,,
Connecticut State Documents,05/11/2020 07:30 PM,,
District of Columbia Documents,06/26/2020 05:14 PM,,
Wisconsin State Documents,06/26/2020 06:33 PM,,
FTUT,07/21/2020 09:53 PM,,
FFNE,08/24/2021 08:17 PM,,
WFGA,12/16/2020 08:34 PM,,
FFNJ,08/24/2021 08:17 PM,,
FFOH,08/24/2021 08:17 PM,,
FFTX,08/24/2021 08:17 PM,,
FNKS,08/24/2021 08:17 PM,,
FNLA,08/24/2021 08:17 PM,,
FNMO,08/24/2021 08:17 PM,,
FNNE,08/24/2021 08:18 PM,,
FTNJ,08/24/2021 08:18 PM,,
NJRB,08/24/2021 08:18 PM,,
ORIL,08/24/2021 08:18 PM,,
ORLA,08/24/2021 08:18 PM,,
ORMI,08/24/2021 08:18 PM,,
ORWI,08/24/2021 08:19 PM,,
OTIRB,07/02/2020 01:39 AM,,
FTAZ,12/16/2020 08:21 PM,,
ORMD,08/24/2021 09:00 PM,,
Additional Default 1099 Reports,01/01/1984,,
AUTX,08/24/2021 08:39 PM,,
FFNH,08/27/2021 10:22 PM,,
National Loan Documents Main,07/16/2020 12:42 AM,,
Underwriter RB Redirects,11/20/2020 11:17 PM,,
CTGA,08/24/2021 08:41 PM,,
ORNational,08/24/2021 08:19 PM,,
WCTX,08/24/2021 09:05 PM,,
AUNA,08/24/2021 08:39 PM,,
AUNY,08/24/2021 08:39 PM,,
CTAL,08/24/2021 08:41 PM,,
CTAZ,08/24/2021 08:41 PM,,
CTLA,08/24/2021 08:41 PM,,
CWIL,08/24/2021 08:43 PM,,
CWKS,08/24/2021 08:44 PM,,
CWKY,08/24/2021 08:44 PM,,
CWLA,08/24/2021 08:44 PM,,
CWMA,08/24/2021 08:44 PM,,
CWMO,08/24/2021 08:44 PM,,
CWOH,08/24/2021 08:45 PM,,
CWSC,08/24/2021 08:45 PM,,
CWUT,08/24/2021 08:45 PM,,
CWVA,08/24/2021 08:46 PM,,
CWVT,08/24/2021 08:46 PM,,
FACT,08/24/2021 08:47 PM,,
FADC,08/24/2021 08:47 PM,,
FAIA,08/24/2021 08:47 PM,,
FANY,08/24/2021 08:50 PM,,
FAOH,08/24/2021 08:51 PM,,
FAPA,08/24/2021 08:51 PM,,
FASC,08/24/2021 08:51 PM,,
FATN,08/24/2021 08:51 PM,,
FFAZ,08/24/2021 08:53 PM,,
FFCO,08/24/2021 08:53 PM,,
FFNV,08/24/2021 08:54 PM,,
FFSC,08/24/2021 08:55 PM,,
FFSD,08/24/2021 08:55 PM,,
FFUT,08/24/2021 08:55 PM,,
FFWY,08/24/2021 08:55 PM,,
FNAL,08/24/2021 08:55 PM,,
FNCO,08/24/2021 08:56 PM,,
FNGA,08/24/2021 08:56 PM,,
FNKY,08/24/2021 08:56 PM,,
FTCA,08/24/2021 08:57 PM,,
FTFL,08/24/2021 08:58 PM,,
FTNV,08/24/2021 08:58 PM,,
FTTX,08/24/2021 08:58 PM,,
ORME,08/24/2021 09:00 PM,,
STCO,08/24/2021 09:01 PM,,
STCT,08/24/2021 09:01 PM,,
STFL,08/24/2021 09:01 PM,,
WCVA,08/24/2021 09:05 PM,,
WCVT,08/24/2021 09:05 PM,,
STGA,08/24/2021 09:02 PM,,
CTOH,08/24/2021 08:13 PM,,
CTSC,08/24/2021 08:42 PM,,
FADE,08/24/2021 08:47 PM,,
FAFL,08/24/2021 08:47 PM,,
FAGA,08/24/2021 08:47 PM,,
FFCA,08/24/2021 08:53 PM,,
FFDC,08/24/2021 08:53 PM,,
FNIL,08/24/2021 08:56 PM,,
FAIL,08/24/2021 08:48 PM,,
STIN,08/24/2021 09:02 PM,,
STPA,08/24/2021 09:02 PM,,
STTN,08/24/2021 09:02 PM,,
STWI,08/24/2021 09:03 PM,,
TIRBOP,08/24/2021 09:03 PM,,
WCDC,08/24/2021 09:03 PM,,
WCDE,08/24/2021 09:03 PM,,
WCNC,08/24/2021 09:04 PM,,
FARI,08/24/2021 08:51 PM,,
STNJ,01/01/1984,,
CWNJ,01/01/1984,,
FFWI,08/17/2021 07:13 PM,,
CTKS,08/24/2021 08:41 PM,,
CTMO,08/24/2021 08:42 PM,,
CTNE,08/24/2021 08:42 PM,,
CTNJ,08/24/2021 08:42 PM,,
CWCO,08/24/2021 08:43 PM,,
WCNational,08/24/2021 08:20 PM,,
FACO,08/24/2021 08:46 PM,,
FAMI,08/24/2021 08:49 PM,,
FAWI,08/27/2021 08:04 PM,,
FAMS,08/24/2021 08:50 PM,,
FAND,08/24/2021 08:50 PM,,
FTVA,08/24/2021 08:58 PM,,
LATISSO,08/24/2021 08:58 PM,,
ORMO,08/24/2021 09:00 PM,,
WCPA,08/24/2021 08:20 PM,,
ORNH,08/24/2021 09:00 PM,,
ORNJ,08/24/2021 09:00 PM,,
OROH,08/24/2021 09:00 PM,,
ORPA,08/24/2021 09:00 PM,,
FFMI,08/27/2021 10:23 PM,,
ORTX,08/24/2021 09:00 PM,,
CLTA,01/01/1984,,
STAL,08/24/2021 09:01 PM,,
STAR,08/24/2021 09:01 PM,,
STLA,08/24/2021 09:02 PM,,
CWTN,08/27/2021 08:03 PM,,
WCOH,08/24/2021 09:05 PM,,
WCRI,08/24/2021 09:05 PM,,
WCTN,08/24/2021 09:05 PM,,
WCWI,08/24/2021 09:05 PM,,
WFFL,08/24/2021 09:05 PM,,
FAMO,08/27/2021 08:03 PM,,
FNMN,08/27/2021 08:04 PM,,
FNTN,08/27/2021 08:04 PM,,
ORGA,08/24/2021 08:59 PM,,
ORIN,08/24/2021 08:59 PM,,
ORKY,08/24/2021 08:59 PM,,
ORMA,08/24/2021 08:59 PM,,
STMD,08/24/2021 09:02 PM,,
STMI,08/24/2021 09:02 PM,,
STMN,08/24/2021 09:02 PM,,
FFGA,01/01/1984,,
STDC,08/24/2021 08:19 PM,,
STVA,08/24/2021 08:20 PM,,
TLTA,08/24/2021 08:20 PM,,
WCMN,08/24/2021 08:20 PM,,
WCNY,08/24/2021 09:04 PM,,
CTMA,08/24/2021 08:42 PM,,
CWNE,08/24/2021 08:44 PM,,
CTUT,08/24/2021 08:43 PM,,
CTWV,08/24/2021 08:43 PM,,
CWFL,08/24/2021 08:43 PM,,
CWGA,08/24/2021 08:43 PM,,
CLTA,08/24/2021 06:43 PM,,
FAIN,08/24/2021 08:48 PM,,
FAKS,08/24/2021 08:48 PM,,
FAKY,08/24/2021 08:48 PM,,
FAMA,08/24/2021 08:48 PM,,
ORNE,08/24/2021 08:19 PM,,
FAME,08/24/2021 08:49 PM,,
FFFL,08/24/2021 08:54 PM,,
FANJ,08/24/2021 08:50 PM,,
FFVA,08/24/2021 08:55 PM,,
FFWV,08/24/2021 08:55 PM,,
FTMA,08/24/2021 08:58 PM,,
ORAZ,08/24/2021 08:59 PM,,
ORDC,08/24/2021 08:59 PM,,
ORDE,08/24/2021 08:59 PM,,
STNY,08/24/2021 09:02 PM,,
WCFL,08/24/2021 09:03 PM,,
WCGA,08/24/2021 09:04 PM,,
WCIL,08/24/2021 09:04 PM,,
WCIN,08/24/2021 09:04 PM,,
WCKY,08/24/2021 09:04 PM,,
WCMA,08/24/2021 09:04 PM,,
WCMD,08/24/2021 09:04 PM,,
WCME,08/24/2021 09:04 PM,,
WCMI,08/24/2021 09:04 PM,,
WCNH,08/24/2021 09:04 PM,,
WCNJ,08/24/2021 09:04 PM,,
STMA,08/24/2021 09:02 PM,,
CTTN,08/27/2021 08:03 PM,,
CWMN,08/27/2021 08:03 PM,,
FFMD,09/10/2021 07:59 PM,,
FAAZ,09/10/2021 07:59 PM,,
FTMD,09/10/2021 07:59 PM,,
CWMD,09/10/2021 07:59 PM,,
PackageName,LastUpdated,Notes
AUVA,09/10/2021 04:00 PM,,
ORVA,08/24/2021 09:01 PM,,
FALA,08/24/2021 08:14 PM,,
FAMN,08/24/2021 08:14 PM,,
 Corporate ReadyBlocs,02/20/2019 01:56 PM,,
Louisiana State Documents,06/26/2020 05:24 PM,,
SoftPro Reports and Documents,02/21/2019 03:19 PM,,
STNA,09/01/2021 01:55 PM,,
ND,06/26/2020 05:32 PM,,
Virginia State Documents,06/26/2020 06:32 PM,,
FANational,08/24/2021 08:15 PM,,
Arizona State Documents,12/16/2020 08:18 PM,,
TIRSA,06/16/2021 04:24 PM,,
Texas State Documents,10/15/2020 08:52 PM,,
UW_ALTA,01/01/1984,,
FFNational,08/24/2021 08:16 PM,,
Indiana State Documents,07/01/2020 01:06 PM,,
ALTA,09/10/2021 04:02 PM,,
Florida State Documents,06/26/2020 05:18 PM,,
DTIRB,07/02/2020 01:37 AM,,
California State Documents,06/27/2019 05:39 PM,,
FNIN,09/10/2021 04:02 PM,,
CWIN,09/10/2021 04:02 PM,,
ORNY,08/24/2021 08:19 PM,,
FANC,08/24/2021 08:16 PM,,
Maryland State Documents,06/26/2020 05:26 PM,,
901-419 Main,06/15/2021 08:01 PM,,
CTTX,08/24/2021 08:13 PM,,
FANE,08/24/2021 08:16 PM,,
CTIN,08/24/2021 08:13 PM,,
FFIN,08/24/2021 08:16 PM,,
NJRB_UW,01/01/1984,,
FTPA,06/06/2019 04:57 PM,,
FTTX Jackets,08/24/2021 08:58 PM,,
UWNewMexico,07/02/2020 01:43 AM,,
417-100 Main,01/01/1984,,
FFKS,08/24/2021 08:16 PM,,
WFNJ,06/06/2019 05:05 PM,,
NMLTA,07/21/2020 09:55 PM,,
Ohio,06/06/2019 04:57 PM,,
Delaware State Documents,06/26/2020 05:15 PM,,
Maine State Documents,06/26/2020 05:27 PM,,
Michigan State Documents,06/26/2020 05:28 PM,,
Minnesota State Documents,06/26/2020 05:30 PM,,
Washington State Documents,04/11/2019 12:29 PM,,
Missouri State Documents,06/26/2020 05:30 PM,,
Colorado State Documents,05/13/2019 12:46 PM,,
FTOH,07/21/2020 09:49 PM,,
Georgia State Documents,06/26/2020 05:19 PM,,
Iowa State Documents,06/26/2020 05:20 PM,,
FATX,08/24/2021 08:52 PM,,
North Carolina State Documents,06/26/2020 05:31 PM,,
New Hampshire Documents,08/23/2018 02:48 PM,,
New Jersey State Documents,06/26/2020 06:25 PM,,
Rhode Island State Documents,06/26/2020 06:30 PM,,
Tennessee State Documents,06/26/2020 06:31 PM,,
ORTN,08/27/2021 08:04 PM,,
ORFL,08/24/2021 08:59 PM,,
FFPA,08/24/2021 08:17 PM,,
FFAL,08/24/2021 08:53 PM,,
FFID,08/24/2021 08:54 PM,,
FFMA,08/24/2021 08:54 PM,,
FFMS,08/24/2021 08:54 PM,,
FNOK,08/24/2021 08:56 PM,,
FNVT,08/24/2021 08:57 PM,,
Fidelity Family New York,07/21/2020 09:26 PM,,
FNWI,08/24/2021 08:57 PM,,
FNSC,07/21/2020 09:50 PM,,
FNWV,07/02/2020 02:17 AM,,
FTMI,07/21/2020 09:46 PM,,
FTNH,07/21/2020 09:48 PM,,
FAVA,08/24/2021 08:52 PM,,
FAWV,08/24/2021 08:53 PM,,
FFAK,08/24/2021 08:53 PM,,
FFIL,08/24/2021 08:54 PM,,
FFME,08/24/2021 08:54 PM,,
FFMN,08/24/2021 08:54 PM,,
FFNC,08/24/2021 08:54 PM,,
FFND,08/24/2021 08:54 PM,,
Kentucky State Documents,06/26/2020 05:23 PM,,
STOH,01/31/2018 09:30 PM,,
SoftPro Commercial,09/21/2020 12:58 PM,,
Nebraska State Document Package,03/12/2020 04:34 PM,,
NY NY Main,06/26/2020 06:28 PM,,
TLTA_UW,01/01/1984,,
CWNH,07/21/2020 04:14 PM,,
Illinois State Documents,06/26/2020 05:20 PM,,
Pennsylvania State Documents,06/26/2020 06:30 PM,,
South Carolina State Documents,06/26/2020 06:30 PM,,
Kansas State Documents,06/26/2020 05:23 PM,,
STAZ,03/12/2020 04:29 PM,,
CWWI,08/24/2021 08:46 PM,,
CWMI,07/21/2020 04:13 PM,,
FAMD,08/24/2021 08:48 PM,,
FFLA,08/24/2021 08:16 PM,,
WCCO,07/21/2020 10:08 PM,,
Mississippi State Documents,06/26/2020 05:31 PM,,
WCTX Jackets,08/24/2021 09:05 PM,,
Ohio State Documents,06/26/2020 06:29 PM,,
FFMO,08/24/2021 08:16 PM,,
OTIRO,12/16/2020 08:30 PM,,
 Supplemental Reports,12/16/2020 08:32 PM,,
Vermont State Package,01/01/1984,,
FANH,07/21/2020 03:27 PM,,
FATX Jackets,08/24/2021 08:52 PM,,
Masschusetts State Documents,06/26/2020 05:25 PM,,
Connecticut State Documents,05/11/2020 07:30 PM,,
District of Columbia Documents,06/26/2020 05:14 PM,,
Wisconsin State Documents,06/26/2020 06:33 PM,,
FTUT,07/21/2020 09:53 PM,,
FFNE,08/24/2021 08:17 PM,,
WFGA,12/16/2020 08:34 PM,,
FFNJ,08/24/2021 08:17 PM,,
FFOH,08/24/2021 08:17 PM,,
FFTX,08/24/2021 08:17 PM,,
FNKS,08/24/2021 08:17 PM,,
FNLA,08/24/2021 08:17 PM,,
FNMO,08/24/2021 08:17 PM,,
FNNE,08/24/2021 08:18 PM,,
FTNJ,08/24/2021 08:18 PM,,
NJRB,08/24/2021 08:18 PM,,
ORIL,08/24/2021 08:18 PM,,
ORLA,08/24/2021 08:18 PM,,
ORMI,08/24/2021 08:18 PM,,
ORWI,08/24/2021 08:19 PM,,
OTIRB,07/02/2020 01:39 AM,,
FTAZ,12/16/2020 08:21 PM,,
ORMD,08/24/2021 09:00 PM,,
Additional Default 1099 Reports,01/01/1984,,
AUTX,08/24/2021 08:39 PM,,
FFNH,08/27/2021 10:22 PM,,
National Loan Documents Main,07/16/2020 12:42 AM,,
Underwriter RB Redirects,11/20/2020 11:17 PM,,
CTGA,08/24/2021 08:41 PM,,
ORNational,08/24/2021 08:19 PM,,
WCTX,08/24/2021 09:05 PM,,
AUNA,08/24/2021 08:39 PM,,
AUNY,08/24/2021 08:39 PM,,
CTAL,08/24/2021 08:41 PM,,
CTAZ,08/24/2021 08:41 PM,,
CTLA,08/24/2021 08:41 PM,,
CWIL,08/24/2021 08:43 PM,,
CWKS,08/24/2021 08:44 PM,,
CWKY,08/24/2021 08:44 PM,,
CWLA,08/24/2021 08:44 PM,,
CWMA,08/24/2021 08:44 PM,,
CWMO,08/24/2021 08:44 PM,,
CWOH,08/24/2021 08:45 PM,,
CWSC,08/24/2021 08:45 PM,,
CWUT,08/24/2021 08:45 PM,,
CWVA,08/24/2021 08:46 PM,,
CWVT,08/24/2021 08:46 PM,,
FACT,08/24/2021 08:47 PM,,
FADC,08/24/2021 08:47 PM,,
FAIA,08/24/2021 08:47 PM,,
FANY,08/24/2021 08:50 PM,,
FAOH,08/24/2021 08:51 PM,,
FAPA,08/24/2021 08:51 PM,,
FASC,08/24/2021 08:51 PM,,
FATN,08/24/2021 08:51 PM,,
FFAZ,08/24/2021 08:53 PM,,
FFCO,08/24/2021 08:53 PM,,
FFNV,08/24/2021 08:54 PM,,
FFSC,08/24/2021 08:55 PM,,
FFSD,08/24/2021 08:55 PM,,
FFUT,08/24/2021 08:55 PM,,
FFWY,08/24/2021 08:55 PM,,
FNAL,08/24/2021 08:55 PM,,
FNCO,08/24/2021 08:56 PM,,
FNGA,08/24/2021 08:56 PM,,
FNKY,08/24/2021 08:56 PM,,
FTCA,08/24/2021 08:57 PM,,
FTFL,08/24/2021 08:58 PM,,
FTNV,08/24/2021 08:58 PM,,
FTTX,08/24/2021 08:58 PM,,
ORME,08/24/2021 09:00 PM,,
STCO,08/24/2021 09:01 PM,,
STCT,08/24/2021 09:01 PM,,
STFL,08/24/2021 09:01 PM,,
WCVA,08/24/2021 09:05 PM,,
WCVT,08/24/2021 09:05 PM,,
STGA,08/24/2021 09:02 PM,,
CTOH,08/24/2021 08:13 PM,,
CTSC,08/24/2021 08:42 PM,,
FADE,08/24/2021 08:47 PM,,
FAFL,08/24/2021 08:47 PM,,
FAGA,08/24/2021 08:47 PM,,
FFCA,08/24/2021 08:53 PM,,
FFDC,08/24/2021 08:53 PM,,
FNIL,08/24/2021 08:56 PM,,
FAIL,08/24/2021 08:48 PM,,
STIN,08/24/2021 09:02 PM,,
STPA,08/24/2021 09:02 PM,,
STTN,08/24/2021 09:02 PM,,
STWI,08/24/2021 09:03 PM,,
TIRBOP,08/24/2021 09:03 PM,,
WCDC,08/24/2021 09:03 PM,,
WCDE,08/24/2021 09:03 PM,,
WCNC,08/24/2021 09:04 PM,,
FARI,08/24/2021 08:51 PM,,
STNJ,01/01/1984,,
CWNJ,01/01/1984,,
FFWI,08/17/2021 07:13 PM,,
CTKS,08/24/2021 08:41 PM,,
CTMO,08/24/2021 08:42 PM,,
CTNE,08/24/2021 08:42 PM,,
CTNJ,08/24/2021 08:42 PM,,
CWCO,08/24/2021 08:43 PM,,
WCNational,08/24/2021 08:20 PM,,
FACO,08/24/2021 08:46 PM,,
FAMI,08/24/2021 08:49 PM,,
FAWI,08/27/2021 08:04 PM,,
FAMS,08/24/2021 08:50 PM,,
FAND,08/24/2021 08:50 PM,,
FTVA,08/24/2021 08:58 PM,,
LATISSO,08/24/2021 08:58 PM,,
ORMO,08/24/2021 09:00 PM,,
WCPA,08/24/2021 08:20 PM,,
ORNH,08/24/2021 09:00 PM,,
ORNJ,08/24/2021 09:00 PM,,
OROH,08/24/2021 09:00 PM,,
ORPA,08/24/2021 09:00 PM,,
FFMI,08/27/2021 10:23 PM,,
ORTX,08/24/2021 09:00 PM,,
CLTA,01/01/1984,,
STAL,08/24/2021 09:01 PM,,
STAR,08/24/2021 09:01 PM,,
STLA,08/24/2021 09:02 PM,,
CWTN,08/27/2021 08:03 PM,,
WCOH,08/24/2021 09:05 PM,,
WCRI,08/24/2021 09:05 PM,,
WCTN,08/24/2021 09:05 PM,,
WCWI,08/24/2021 09:05 PM,,
WFFL,08/24/2021 09:05 PM,,
FAMO,08/27/2021 08:03 PM,,
FNMN,08/27/2021 08:04 PM,,
FNTN,08/27/2021 08:04 PM,,
ORGA,08/24/2021 08:59 PM,,
ORIN,08/24/2021 08:59 PM,,
ORKY,08/24/2021 08:59 PM,,
ORMA,08/24/2021 08:59 PM,,
STMD,08/24/2021 09:02 PM,,
STMI,08/24/2021 09:02 PM,,
STMN,08/24/2021 09:02 PM,,
FFGA,01/01/1984,,
STDC,08/24/2021 08:19 PM,,
STVA,08/24/2021 08:20 PM,,
TLTA,08/24/2021 08:20 PM,,
WCMN,08/24/2021 08:20 PM,,
WCNY,08/24/2021 09:04 PM,,
CTMA,08/24/2021 08:42 PM,,
CWNE,08/24/2021 08:44 PM,,
CTUT,08/24/2021 08:43 PM,,
CTWV,08/24/2021 08:43 PM,,
CWFL,08/24/2021 08:43 PM,,
CWGA,08/24/2021 08:43 PM,,
CLTA,08/24/2021 06:43 PM,,
FAIN,08/24/2021 08:48 PM,,
FAKS,08/24/2021 08:48 PM,,
FAKY,08/24/2021 08:48 PM,,
FAMA,08/24/2021 08:48 PM,,
ORNE,08/24/2021 08:19 PM,,
FAME,08/24/2021 08:49 PM,,
FFFL,08/24/2021 08:54 PM,,
FANJ,08/24/2021 08:50 PM,,
FFVA,08/24/2021 08:55 PM,,
FFWV,08/24/2021 08:55 PM,,
FTMA,08/24/2021 08:58 PM,,
ORAZ,08/24/2021 08:59 PM,,
ORDC,08/24/2021 08:59 PM,,
ORDE,08/24/2021 08:59 PM,,
STNY,08/24/2021 09:02 PM,,
WCFL,08/24/2021 09:03 PM,,
WCGA,08/24/2021 09:04 PM,,
WCIL,08/24/2021 09:04 PM,,
WCIN,08/24/2021 09:04 PM,,
WCKY,08/24/2021 09:04 PM,,
WCMA,08/24/2021 09:04 PM,,
WCMD,08/24/2021 09:04 PM,,
WCME,08/24/2021 09:04 PM,,
WCMI,08/24/2021 09:04 PM,,
WCNH,08/24/2021 09:04 PM,,
WCNJ,08/24/2021 09:04 PM,,
STMA,08/24/2021 09:02 PM,,
CTTN,08/27/2021 08:03 PM,,
CWMN,08/27/2021 08:03 PM,,
FFMD,09/10/2021 07:59 PM,,
FAAZ,09/10/2021 07:59 PM,,
FTMD,09/10/2021 07:59 PM,,
CWMD,09/10/2021 07:59 PM,,
PackageName,LastUpdated,Notes
